hour,outage_probability,scheduled_shedding,peak_tou,avg_voltage_v,avg_freq_hz
0,0.05,0,0,405.2,50.02
1,0.04,0,0,406.1,50.03
2,0.03,0,0,406.8,50.04
3,0.03,0,0,407.2,50.04
4,0.05,0,0,406.5,50.03
5,0.08,0,0,405.0,50.02
6,0.12,0,0,403.4,50.01
7,0.18,0,0,401.8,49.99
8,0.25,0,0,399.5,49.97
9,0.34,0,0,397.8,49.95
10,0.42,0,0,396.2,49.93
11,0.55,1,0,394.1,49.90
12,0.48,0,0,395.4,49.92
13,0.62,1,0,392.8,49.88
14,0.87,1,0,388.5,49.82
15,0.74,1,0,391.2,49.85
16,0.58,0,0,394.0,49.89
17,0.82,1,1,389.2,49.84
18,0.89,1,1,386.4,49.80
19,0.92,1,1,384.8,49.78
20,0.88,1,1,387.1,49.81
21,0.76,1,1,390.5,49.86
22,0.45,0,0,396.2,49.92
23,0.18,0,0,401.5,49.98
